layer,accuracy,auroc
0,0.8503937007874016,0.659919028340081
1,0.8503937007874016,0.6626180836707153
2,0.84251968503937,0.6518218623481781
3,0.8503937007874016,0.6572199730094467
4,0.84251968503937,0.6653171390013495
5,0.84251968503937,0.659919028340081
6,0.84251968503937,0.6497975708502024
7,0.84251968503937,0.6450742240215924
8,0.84251968503937,0.6477732793522267
9,0.84251968503937,0.6390013495276653
10,0.84251968503937,0.6295546558704452
11,0.84251968503937,0.626855600539811
12,0.84251968503937,0.6228070175438596
13,0.84251968503937,0.6079622132253711
14,0.84251968503937,0.6052631578947368
15,0.8503937007874016,0.6201079622132253
16,0.84251968503937,0.5971659919028339
17,0.84251968503937,0.5998650472334682
18,0.84251968503937,0.6025641025641026
19,0.8503937007874016,0.6086369770580297
20,0.8503937007874016,0.5944669365721997
21,0.8503937007874016,0.6214574898785425
22,0.8503937007874016,0.6153846153846154
23,0.84251968503937,0.6342780026990553
24,0.84251968503937,0.6241565452091767
25,0.8346456692913385,0.6120107962213226
26,0.8346456692913385,0.6106612685560054
27,0.8188976377952756,0.6052631578947368
28,0.8503937007874016,0.6855600539811065
29,0.8503937007874016,0.6518218623481781
30,0.8818897637795275,0.6005398110661269
